a_Wavelet_rbior_Diagonal_rbio1.5_E0,n_ConvexPerimeter,a_Wavelet_rbior_Diagonal_rbio3.3_E0,MaXPixelValue-N,n_Wavelet_bior_Vertical_bior3.1_E0,p_Wavelet_bior_Vertical_bior3.1_E0,Morphology_Average,SkEwness-N,p_Wavelet_db_Horizontal_4_E0,Morphology,n_Wavelet_rbior_Vertical_rbio3.3_E0,p_eccentricity,p_compactness,p_euler_pitch,p_counts,p_quaternion_x,p_abb_volume,p_quaternion_w,p_aspect_ratio_3,p_convex_volume,OP_node_28,OP_node_34,OP_node_11,OP_node_7,OP_node_79,OP_node_77,OP_node_36,OP_node_4,OP_node_75,n_d2a90_dissimilartiy,n_d4a45_dissimilartiy,p_d4a0_info_measure_corr_2,p_d2a45_correlation,a_d5a135_correlation,p_Hu-1,n_Hu-2,a_Hu-6,Tumor size,BCLC,Tumor number,ALBIgrade,K,AST,BMI,HBsAg,AFP
11.283,567.47,11.247,175,14.145,14.81,0,-0.17659,12.179,0,10.873,0.996261468,-2134580.814,-0.003150366,1,-0.572473904,2402475,0.000288823,0.095177637,1428707,-0.085846484,-0.070002846,-0.061862759,-0.141342953,-0.142802522,-0.041825775,0.272636533,0.055553231,0.050580613,0.12252,0.13109,-0.039604,0.4257,0.10418,7.33E-11,1.21E-13,2.03E-26,4,2,4,1,4.1,35,24.42289748,1,22.1
11.283,567.47,11.247,175,14.145,14.81,0,-0.17659,12.179,0,10.873,0.996261468,-2134580.814,-0.003150366,1,-0.572473904,2402475,0.000288823,0.095177637,1428707,-0.085846484,-0.070002846,-0.061862759,-0.141342953,-0.142802522,-0.041825775,0.272636533,0.055553231,0.050580613,0.12252,0.13109,-0.039604,0.4257,0.10418,7.33E-11,1.21E-13,2.03E-26,13,1,1,1,4.8,67,25.1722072,0,4.99