p_d5a45_cluster_prominence,p_d1a0_cluster_prominence,p_Wavelet_rbior_Vertical_rbio3.1_E0,p_Wavelet_db_Horizontal_1_E1,p_Wavelet_bior_Diagonal_bior1.1_E0,p_Wavelet_bior_Vertical_bior3.9_E1,p_Wavelet_coif_Diagonal_2_E0,p_d2a45_dissimilartiy,p_d5a90_dissimilartiy,p_d3a45_dissimilartiy,p_Wavelet_fk_Horizontal_fk14_E1,p_d4a45_info_measure_corr_2,node_0,node_1,node_2,node_3,node_4,node_5,node_6,node_7,node_8,node_9,node_10,node_11,node_12,node_13,node_14,node_15,node_16,node_17,node_18,node_19,node_20,node_21,node_22,node_23,node_24,node_25,node_26,node_27,node_28,node_29,node_30,node_31,node_32,node_33,node_34,node_35,node_36,node_37,node_38,node_39,node_40,node_41,node_42,node_43,node_44,node_45,node_46,node_47,node_48,node_49,node_50,node_51,node_52,node_53,node_54,node_55,node_56,node_57,node_58,node_59,node_60,node_61,node_62,node_63,node_64,node_65,node_66,node_67,node_68,node_69,node_70,node_71,node_72,node_73,node_74,node_75,node_76,node_77,node_78,node_79,node_80,node_81,node_82,node_83,node_84,node_85,node_86,node_87,node_88,node_89,node_90,node_91,node_92,node_93,node_94,node_95,node_96,node_97,node_98,node_99
0.99579,1.6449,9.2464,9.3517,8.101,12.578,10.423,0.1314,0.14917,0.11698,11.534,-0.022954,0.042097902,0.135922529,0.101733628,0.290756482,0.010434545,0.132423763,0.162691671,-0.301300794,0.256894082,0.110431096,-0.246787444,0.07112273,-0.026977239,0.052526908,-0.443607867,0.090008102,-0.204510376,-0.193518049,0.239240891,0.119485107,0.098759663,-0.084728476,0.352067697,0.232824218,0.120143825,0.027523816,-0.087722857,0.264871269,-0.429732651,-0.084787361,0.602346349,-0.14887079,0.375093681,0.325978762,-0.009851211,0.062967671,0.065767218,-0.049693883,0.219626021,0.215601933,0.185639966,0.168942374,-0.053439715,-0.293412083,-0.164193878,-0.277777511,-0.313860312,0.454632282,-0.110775635,0.052885781,0.13404154,-0.419121575,-0.200325,-0.286556897,-0.074862248,0.199709681,-0.117360659,-0.15013155,0.235312489,-0.001093319,0.091576749,0.243888769,-0.164170295,0.047303985,-0.841081059,0.468927485,-0.127853164,0.202716719,-0.072062062,-0.084544487,-0.046597825,-0.16355167,-0.108918615,0.239904198,0.038361499,-0.011694542,0.203060314,-0.015582987,-0.127515674,-0.164493239,0.14234719,0.026457008,-0.401467717,-0.054466333,0.03291559,0.006563713,-0.096228656,0.078551658,0.279226434,0.250729001,0.292223546,-0.506309116,0.206689747,-0.026450527,-0.263907459,-0.176976003,-0.254478785,-0.131365398,-0.150747213,0.335524517
